{
    "dev": {
        "ncountry": {
            "australia": {
                "precision": 0.9668737060041408,
                "recall": 0.9852320675105485,
                "f1-score": 0.9759665621734587,
                "support": 474
            },
            "india": {
                "precision": 0.9318181818181818,
                "recall": 0.9647058823529412,
                "f1-score": 0.9479768786127167,
                "support": 85
            },
            "south_africa": {
                "precision": 0.9230769230769231,
                "recall": 0.6666666666666666,
                "f1-score": 0.7741935483870968,
                "support": 18
            },
            "us": {
                "precision": 1.0,
                "recall": 0.983451536643026,
                "f1-score": 0.9916567342073896,
                "support": 423
            },
            "accuracy": 0.977,
            "macro avg": {
                "precision": 0.9554422027248115,
                "recall": 0.9000140382932956,
                "f1-score": 0.9224484308451655,
                "support": 1000
            },
            "weighted avg": {
                "precision": 0.9771180667158929,
                "recall": 0.977,
                "f1-score": 0.9765924675929939,
                "support": 1000
            }
        }
    },
    "test": {
        "ncountry": {
            "australia": {
                "precision": 0.976890756302521,
                "recall": 0.9810126582278481,
                "f1-score": 0.9789473684210527,
                "support": 474
            },
            "india": {
                "precision": 0.9210526315789473,
                "recall": 0.958904109589041,
                "f1-score": 0.9395973154362416,
                "support": 73
            },
            "south_africa": {
                "precision": 0.6666666666666666,
                "recall": 0.6666666666666666,
                "f1-score": 0.6666666666666666,
                "support": 15
            },
            "us": {
                "precision": 1.0,
                "recall": 0.9885844748858448,
                "f1-score": 0.9942594718714122,
                "support": 438
            },
            "accuracy": 0.978,
            "macro avg": {
                "precision": 0.8911525136370337,
                "recall": 0.8987919773423502,
                "f1-score": 0.8948677055988432,
                "support": 1000
            },
            "weighted avg": {
                "precision": 0.9782830605926581,
                "recall": 0.978,
                "f1-score": 0.9780973053381031,
                "support": 1000
            }
        }
    }
}
