{
    "dev": {
        "subject": 0.6555279814786327
    },
    "test": {
        "subject": 0.67167213692105
    }
}
