{"dev": {"ncompas": {"left": {"precision": 0.9985007496251874, "recall": 1.0, "f1-score": 0.9992498124531133, "support": 666}, "right": {"precision": 1.0, "recall": 0.9970059880239521, "f1-score": 0.9985007496251874, "support": 334}, "accuracy": 0.999, "macro avg": {"precision": 0.9992503748125937, "recall": 0.9985029940119761, "f1-score": 0.9988752810391504, "support": 1000}, "weighted avg": {"precision": 0.9990014992503748, "recall": 0.999, "f1-score": 0.998999625468586, "support": 1000}}}, "test": {"ncompas": {"left": {"precision": 1.0, "recall": 1.0, "f1-score": 1.0, "support": 656}, "right": {"precision": 1.0, "recall": 1.0, "f1-score": 1.0, "support": 344}, "accuracy": 1.0, "macro avg": {"precision": 1.0, "recall": 1.0, "f1-score": 1.0, "support": 1000}, "weighted avg": {"precision": 1.0, "recall": 1.0, "f1-score": 1.0, "support": 1000}}}}