{"dev": {"subject": 0.838287327073698}, "test": {"subject": 0.8401408373267002}}