{
    "dev": {
        "geographic": 0.9239642773892774
    },
    "test": {
        "geographic": 0.9296508214008214
    }
}
