{
    "dev": {
        "newspaper": {
            "Mail & Guardian": {
                "precision": 0.7647058823529411,
                "recall": 0.9285714285714286,
                "f1-score": 0.8387096774193549,
                "support": 14
            },
            "Sydney Morning Herald (Australia)": {
                "precision": 0.7,
                "recall": 0.44144144144144143,
                "f1-score": 0.5414364640883977,
                "support": 111
            },
            "The Age (Melbourne, Australia)": {
                "precision": 0.7397260273972602,
                "recall": 0.4909090909090909,
                "f1-score": 0.5901639344262295,
                "support": 110
            },
            "The Australian": {
                "precision": 0.7492447129909365,
                "recall": 0.9802371541501976,
                "f1-score": 0.8493150684931506,
                "support": 253
            },
            "The Hindu": {
                "precision": 1.0,
                "recall": 0.625,
                "f1-score": 0.7692307692307693,
                "support": 8
            },
            "The New York Times": {
                "precision": 0.9322709163346613,
                "recall": 0.9590163934426229,
                "f1-score": 0.9454545454545454,
                "support": 244
            },
            "The Times (South Africa)": {
                "precision": 0.0,
                "recall": 0.0,
                "f1-score": 0.0,
                "support": 4
            },
            "The Times of India (TOI)": {
                "precision": 0.9625,
                "recall": 1.0,
                "f1-score": 0.980891719745223,
                "support": 77
            },
            "The Washington Post": {
                "precision": 0.9418604651162791,
                "recall": 0.9050279329608939,
                "f1-score": 0.9230769230769231,
                "support": 179
            },
            "accuracy": 0.842,
            "macro avg": {
                "precision": 0.7544786671324532,
                "recall": 0.7033559379417418,
                "f1-score": 0.7153643446593994,
                "support": 1000
            },
            "weighted avg": {
                "precision": 0.837514284594818,
                "recall": 0.842,
                "f1-score": 0.8292403150092421,
                "support": 1000
            }
        }
    },
    "test": {
        "newspaper": {
            "Mail & Guardian": {
                "precision": 0.7857142857142857,
                "recall": 1.0,
                "f1-score": 0.88,
                "support": 11
            },
            "Sydney Morning Herald (Australia)": {
                "precision": 0.8133333333333334,
                "recall": 0.5754716981132075,
                "f1-score": 0.6740331491712707,
                "support": 106
            },
            "The Age (Melbourne, Australia)": {
                "precision": 0.6666666666666666,
                "recall": 0.4842105263157895,
                "f1-score": 0.5609756097560975,
                "support": 95
            },
            "The Australian": {
                "precision": 0.8,
                "recall": 0.967032967032967,
                "f1-score": 0.8756218905472637,
                "support": 273
            },
            "The Hindu": {
                "precision": 1.0,
                "recall": 0.8333333333333334,
                "f1-score": 0.9090909090909091,
                "support": 6
            },
            "The New York Times": {
                "precision": 0.953307392996109,
                "recall": 0.9760956175298805,
                "f1-score": 0.9645669291338582,
                "support": 251
            },
            "The Times (South Africa)": {
                "precision": 1.0,
                "recall": 0.25,
                "f1-score": 0.4,
                "support": 4
            },
            "The Times of India (TOI)": {
                "precision": 0.9852941176470589,
                "recall": 1.0,
                "f1-score": 0.9925925925925926,
                "support": 67
            },
            "The Washington Post": {
                "precision": 0.9668508287292817,
                "recall": 0.9358288770053476,
                "f1-score": 0.951086956521739,
                "support": 187
            },
            "accuracy": 0.875,
            "macro avg": {
                "precision": 0.8856851805651929,
                "recall": 0.7802192243700584,
                "f1-score": 0.8008853374237479,
                "support": 1000
            },
            "weighted avg": {
                "precision": 0.8726854903062758,
                "recall": 0.875,
                "f1-score": 0.8669827820987999,
                "support": 1000
            }
        }
    }
}
