{"dev": {"ncompas": {"left": {"precision": 0.9702660406885759, "recall": 0.9309309309309309, "f1-score": 0.9501915708812261, "support": 666}, "right": {"precision": 0.8725761772853186, "recall": 0.9431137724550899, "f1-score": 0.9064748201438849, "support": 334}, "accuracy": 0.935, "macro avg": {"precision": 0.9214211089869473, "recall": 0.9370223516930104, "f1-score": 0.9283331955125556, "support": 1000}, "weighted avg": {"precision": 0.937637626311888, "recall": 0.935, "f1-score": 0.9355901761349541, "support": 1000}}}, "test": {"ncompas": {"left": {"precision": 0.9595015576323987, "recall": 0.9390243902439024, "f1-score": 0.9491525423728813, "support": 656}, "right": {"precision": 0.888268156424581, "recall": 0.9244186046511628, "f1-score": 0.905982905982906, "support": 344}, "accuracy": 0.934, "macro avg": {"precision": 0.9238848570284899, "recall": 0.9317214974475325, "f1-score": 0.9275677241778937, "support": 1000}, "weighted avg": {"precision": 0.9349972676169095, "recall": 0.934, "f1-score": 0.9343021874547297, "support": 1000}}}}