{
    "dev": {
        "newspaper": {
            "0": {
                "precision": 0.8571428571428571,
                "recall": 0.8571428571428571,
                "f1-score": 0.8571428571428571,
                "support": 14
            },
            "1": {
                "precision": 0.5833333333333334,
                "recall": 0.6936936936936937,
                "f1-score": 0.6337448559670781,
                "support": 111
            },
            "2": {
                "precision": 0.7241379310344828,
                "recall": 0.5727272727272728,
                "f1-score": 0.6395939086294417,
                "support": 110
            },
            "3": {
                "precision": 0.8837209302325582,
                "recall": 0.9011857707509882,
                "f1-score": 0.8923679060665363,
                "support": 253
            },
            "4": {
                "precision": 0.8888888888888888,
                "recall": 1.0,
                "f1-score": 0.9411764705882353,
                "support": 8
            },
            "5": {
                "precision": 0.9294117647058824,
                "recall": 0.9713114754098361,
                "f1-score": 0.9498997995991985,
                "support": 244
            },
            "6": {
                "precision": 0.0,
                "recall": 0.0,
                "f1-score": 0.0,
                "support": 4
            },
            "7": {
                "precision": 0.9866666666666667,
                "recall": 0.961038961038961,
                "f1-score": 0.9736842105263157,
                "support": 77
            },
            "8": {
                "precision": 0.9529411764705882,
                "recall": 0.9050279329608939,
                "f1-score": 0.9283667621776505,
                "support": 179
            },
            "accuracy": 0.861,
            "macro avg": {
                "precision": 0.7562492831639176,
                "recall": 0.7624586626360559,
                "f1-score": 0.7573307522997014,
                "support": 1000
            },
            "weighted avg": {
                "precision": 0.8604239533835453,
                "recall": 0.861,
                "f1-score": 0.858926386703654,
                "support": 1000
            }
        }
    },
    "test": {
        "newspaper": {
            "0": {
                "precision": 0.8181818181818182,
                "recall": 0.8181818181818182,
                "f1-score": 0.8181818181818182,
                "support": 11
            },
            "1": {
                "precision": 0.6403508771929824,
                "recall": 0.6886792452830188,
                "f1-score": 0.6636363636363636,
                "support": 106
            },
            "2": {
                "precision": 0.6666666666666666,
                "recall": 0.6105263157894737,
                "f1-score": 0.6373626373626373,
                "support": 95
            },
            "3": {
                "precision": 0.9100719424460432,
                "recall": 0.9267399267399268,
                "f1-score": 0.9183303085299457,
                "support": 273
            },
            "4": {
                "precision": 1.0,
                "recall": 1.0,
                "f1-score": 1.0,
                "support": 6
            },
            "5": {
                "precision": 0.9450980392156862,
                "recall": 0.9601593625498008,
                "f1-score": 0.9525691699604744,
                "support": 251
            },
            "6": {
                "precision": 0.0,
                "recall": 0.0,
                "f1-score": 0.0,
                "support": 4
            },
            "7": {
                "precision": 1.0,
                "recall": 0.9552238805970149,
                "f1-score": 0.9770992366412213,
                "support": 67
            },
            "8": {
                "precision": 0.9508196721311475,
                "recall": 0.93048128342246,
                "f1-score": 0.9405405405405407,
                "support": 187
            },
            "accuracy": 0.878,
            "macro avg": {
                "precision": 0.7701321128704827,
                "recall": 0.7655546480626126,
                "f1-score": 0.7675244527614447,
                "support": 1000
            },
            "weighted avg": {
                "precision": 0.8766830531352211,
                "recall": 0.878,
                "f1-score": 0.8770406709197024,
                "support": 1000
            }
        }
    }
}
