{"dev": {"ncompas": {"0": {"precision": 0.9203910614525139, "recall": 0.9894894894894894, "f1-score": 0.9536903039073806, "support": 666}, "1": {"precision": 0.9753521126760564, "recall": 0.8293413173652695, "f1-score": 0.8964401294498382, "support": 334}, "accuracy": 0.936, "macro avg": {"precision": 0.9478715870642851, "recall": 0.9094154034273795, "f1-score": 0.9250652166786094, "support": 1000}, "weighted avg": {"precision": 0.938748052561177, "recall": 0.936, "f1-score": 0.9345687456385615, "support": 1000}}}, "test": {"ncompas": {"0": {"precision": 0.9005524861878453, "recall": 0.9939024390243902, "f1-score": 0.9449275362318841, "support": 656}, "1": {"precision": 0.9855072463768116, "recall": 0.7906976744186046, "f1-score": 0.8774193548387097, "support": 344}, "accuracy": 0.924, "macro avg": {"precision": 0.9430298662823284, "recall": 0.8923000567214974, "f1-score": 0.9111734455352969, "support": 1000}, "weighted avg": {"precision": 0.9297769236928498, "recall": 0.924, "f1-score": 0.921704721832632, "support": 1000}}}}