{"dev": {"geographic": 0.795220954045954}, "test": {"geographic": 0.8035182567432567}}