{
    "dev": {
        "ncompas": {
            "left": {
                "precision": 0.9653092006033183,
                "recall": 0.960960960960961,
                "f1-score": 0.963130173062453,
                "support": 666
            },
            "right": {
                "precision": 0.9228486646884273,
                "recall": 0.9311377245508982,
                "f1-score": 0.9269746646795827,
                "support": 334
            },
            "accuracy": 0.951,
            "macro avg": {
                "precision": 0.9440789326458727,
                "recall": 0.9460493427559296,
                "f1-score": 0.9450524188710179,
                "support": 1000
            },
            "weighted avg": {
                "precision": 0.9511273816077446,
                "recall": 0.951,
                "f1-score": 0.9510542332625743,
                "support": 1000
            }
        }
    },
    "test": {
        "ncompas": {
            "left": {
                "precision": 0.9396681749622926,
                "recall": 0.9496951219512195,
                "f1-score": 0.9446550416982562,
                "support": 656
            },
            "right": {
                "precision": 0.9020771513353115,
                "recall": 0.8837209302325582,
                "f1-score": 0.8928046989720998,
                "support": 344
            },
            "accuracy": 0.927,
            "macro avg": {
                "precision": 0.920872663148802,
                "recall": 0.9167080260918888,
                "f1-score": 0.9187298703351781,
                "support": 1000
            },
            "weighted avg": {
                "precision": 0.9267368628346112,
                "recall": 0.927,
                "f1-score": 0.9268185238004585,
                "support": 1000
            }
        }
    }
}
