{"dev": {"ncompas": {"left": {"precision": 0.5924170616113744, "recall": 0.5630630630630631, "f1-score": 0.5773672055427252, "support": 666}, "right": {"precision": 0.20708446866485014, "recall": 0.2275449101796407, "f1-score": 0.2168330955777461, "support": 334}, "accuracy": 0.451, "macro avg": {"precision": 0.39975076513811225, "recall": 0.3953039866213519, "f1-score": 0.3971001505602357, "support": 1000}, "weighted avg": {"precision": 0.4637159755672353, "recall": 0.451, "f1-score": 0.45694881281442223, "support": 1000}}}, "test": {"ncompas": {"left": {"precision": 0.6084745762711864, "recall": 0.5472560975609756, "f1-score": 0.5762439807383628, "support": 656}, "right": {"precision": 0.275609756097561, "recall": 0.32848837209302323, "f1-score": 0.2997347480106101, "support": 344}, "accuracy": 0.472, "macro avg": {"precision": 0.4420421661843737, "recall": 0.43787223482699944, "f1-score": 0.43798936437448643, "support": 1000}, "weighted avg": {"precision": 0.49396907813145924, "recall": 0.472, "f1-score": 0.4811248046800159, "support": 1000}}}}