{
    "month": {
        "April": {
            "precision": 0.0,
            "recall": 0.0,
            "f1-score": 0.0,
            "support": 0
        },
        "August": {
            "precision": 0.0,
            "recall": 0.0,
            "f1-score": 0.0,
            "support": 0
        },
        "December": {
            "precision": 0.8310871518418689,
            "recall": 0.8310871518418689,
            "f1-score": 0.8310871518418689,
            "support": 1113
        },
        "July": {
            "precision": 0.0,
            "recall": 0.0,
            "f1-score": 0.0,
            "support": 0
        },
        "March": {
            "precision": 0.0,
            "recall": 0.0,
            "f1-score": 0.0,
            "support": 0
        },
        "November": {
            "precision": 0.4057507987220447,
            "recall": 0.4031746031746032,
            "f1-score": 0.40445859872611467,
            "support": 315
        },
        "October": {
            "precision": 0.0,
            "recall": 0.0,
            "f1-score": 0.0,
            "support": 0
        },
        "micro avg": {
            "precision": 0.7366946778711485,
            "recall": 0.7366946778711485,
            "f1-score": 0.7366946778711485,
            "support": 1428
        },
        "macro avg": {
            "precision": 0.1766911357948448,
            "recall": 0.176323107859496,
            "f1-score": 0.17650653579542622,
            "support": 1428
        },
        "weighted avg": {
            "precision": 0.7372629563007312,
            "recall": 0.7366946778711485,
            "f1-score": 0.736977912183982,
            "support": 1428
        },
        "accuracy": 0.7366946778711485
    }
}
