{
    "dev": {
        "month": {
            "0": {
                "precision": 0.0,
                "recall": 0.0,
                "f1-score": 0.0,
                "support": 17
            },
            "1": {
                "precision": 0.0,
                "recall": 0.0,
                "f1-score": 0.0,
                "support": 2
            },
            "2": {
                "precision": 0.7492877492877493,
                "recall": 0.5990888382687927,
                "f1-score": 0.6658227848101265,
                "support": 439
            },
            "3": {
                "precision": 0.6,
                "recall": 0.34615384615384615,
                "f1-score": 0.43902439024390244,
                "support": 52
            },
            "4": {
                "precision": 0.14285714285714285,
                "recall": 0.07692307692307693,
                "f1-score": 0.1,
                "support": 13
            },
            "5": {
                "precision": 0.5412541254125413,
                "recall": 0.7903614457831325,
                "f1-score": 0.6425073457394711,
                "support": 415
            },
            "6": {
                "precision": 0.8333333333333334,
                "recall": 0.08064516129032258,
                "f1-score": 0.14705882352941174,
                "support": 62
            },
            "accuracy": 0.615,
            "macro avg": {
                "precision": 0.4095331929843953,
                "recall": 0.270453195488453,
                "f1-score": 0.2849161920461302,
                "support": 1000
            },
            "weighted avg": {
                "precision": 0.6382815935073359,
                "recall": 0.615,
                "f1-score": 0.5921836663650325,
                "support": 1000
            }
        }
    },
    "test": {
        "month": {
            "0": {
                "precision": 1.0,
                "recall": 0.07142857142857142,
                "f1-score": 0.13333333333333333,
                "support": 14
            },
            "1": {
                "precision": 0.0,
                "recall": 0.0,
                "f1-score": 0.0,
                "support": 1
            },
            "2": {
                "precision": 0.7210682492581603,
                "recall": 0.5625,
                "f1-score": 0.6319895968790639,
                "support": 432
            },
            "3": {
                "precision": 0.6,
                "recall": 0.3125,
                "f1-score": 0.4109589041095891,
                "support": 48
            },
            "4": {
                "precision": 0.42857142857142855,
                "recall": 0.3,
                "f1-score": 0.3529411764705882,
                "support": 10
            },
            "5": {
                "precision": 0.5454545454545454,
                "recall": 0.7724137931034483,
                "f1-score": 0.6393910561370124,
                "support": 435
            },
            "6": {
                "precision": 0.42857142857142855,
                "recall": 0.1,
                "f1-score": 0.16216216216216217,
                "support": 60
            },
            "accuracy": 0.604,
            "macro avg": {
                "precision": 0.531952235979366,
                "recall": 0.30269176636171713,
                "f1-score": 0.3329680327273928,
                "support": 1000
            },
            "weighted avg": {
                "precision": 0.6215742109522524,
                "recall": 0.604,
                "f1-score": 0.5860064508297185,
                "support": 1000
            }
        }
    }
}
