{
    "dev": {
        "newspaper": {
            "Mail & Guardian": {
                "precision": 0.5714285714285714,
                "recall": 0.8571428571428571,
                "f1-score": 0.6857142857142857,
                "support": 14
            },
            "Sydney Morning Herald (Australia)": {
                "precision": 0.5772357723577236,
                "recall": 0.6396396396396397,
                "f1-score": 0.6068376068376069,
                "support": 111
            },
            "The Age (Melbourne, Australia)": {
                "precision": 0.782608695652174,
                "recall": 0.32727272727272727,
                "f1-score": 0.46153846153846156,
                "support": 110
            },
            "The Australian": {
                "precision": 0.8222996515679443,
                "recall": 0.932806324110672,
                "f1-score": 0.8740740740740741,
                "support": 253
            },
            "The Hindu": {
                "precision": 0.8888888888888888,
                "recall": 1.0,
                "f1-score": 0.9411764705882353,
                "support": 8
            },
            "The New York Times": {
                "precision": 0.8608058608058609,
                "recall": 0.9631147540983607,
                "f1-score": 0.9090909090909091,
                "support": 244
            },
            "The Times (South Africa)": {
                "precision": 0.6,
                "recall": 0.75,
                "f1-score": 0.6666666666666665,
                "support": 4
            },
            "The Times of India (TOI)": {
                "precision": 0.9493670886075949,
                "recall": 0.974025974025974,
                "f1-score": 0.9615384615384615,
                "support": 77
            },
            "The Washington Post": {
                "precision": 0.9235668789808917,
                "recall": 0.8100558659217877,
                "f1-score": 0.8630952380952381,
                "support": 179
            },
            "accuracy": 0.821,
            "macro avg": {
                "precision": 0.7751334898099611,
                "recall": 0.8060064602457798,
                "f1-score": 0.7744146860159932,
                "support": 1000
            },
            "weighted avg": {
                "precision": 0.8241694174082419,
                "recall": 0.821,
                "f1-score": 0.8094157152760093,
                "support": 1000
            }
        }
    },
    "test": {
        "newspaper": {
            "Mail & Guardian": {
                "precision": 0.5,
                "recall": 0.9090909090909091,
                "f1-score": 0.6451612903225806,
                "support": 11
            },
            "Sydney Morning Herald (Australia)": {
                "precision": 0.5801526717557252,
                "recall": 0.7169811320754716,
                "f1-score": 0.6413502109704641,
                "support": 106
            },
            "The Age (Melbourne, Australia)": {
                "precision": 0.8055555555555556,
                "recall": 0.30526315789473685,
                "f1-score": 0.4427480916030534,
                "support": 95
            },
            "The Australian": {
                "precision": 0.8440677966101695,
                "recall": 0.9120879120879121,
                "f1-score": 0.8767605633802816,
                "support": 273
            },
            "The Hindu": {
                "precision": 1.0,
                "recall": 1.0,
                "f1-score": 1.0,
                "support": 6
            },
            "The New York Times": {
                "precision": 0.8848920863309353,
                "recall": 0.9800796812749004,
                "f1-score": 0.9300567107750474,
                "support": 251
            },
            "The Times (South Africa)": {
                "precision": 0.0,
                "recall": 0.0,
                "f1-score": 0.0,
                "support": 4
            },
            "The Times of India (TOI)": {
                "precision": 0.96875,
                "recall": 0.9253731343283582,
                "f1-score": 0.9465648854961832,
                "support": 67
            },
            "The Washington Post": {
                "precision": 0.9526627218934911,
                "recall": 0.8609625668449198,
                "f1-score": 0.9044943820224718,
                "support": 187
            },
            "accuracy": 0.839,
            "macro avg": {
                "precision": 0.726231203571764,
                "recall": 0.7344264992885787,
                "f1-score": 0.7096817927300092,
                "support": 1000
            },
            "weighted avg": {
                "precision": 0.8451165621216085,
                "recall": 0.839,
                "f1-score": 0.8285011302325078,
                "support": 1000
            }
        }
    }
}
