{
    "dev": {
        "newspaper": {
            "Mail & Guardian": {
                "precision": 1.0,
                "recall": 0.7142857142857143,
                "f1-score": 0.8333333333333333,
                "support": 14
            },
            "Sydney Morning Herald (Australia)": {
                "precision": 0.6492537313432836,
                "recall": 0.7837837837837838,
                "f1-score": 0.710204081632653,
                "support": 111
            },
            "The Age (Melbourne, Australia)": {
                "precision": 0.7222222222222222,
                "recall": 0.5909090909090909,
                "f1-score": 0.65,
                "support": 110
            },
            "The Australian": {
                "precision": 0.9803921568627451,
                "recall": 0.9881422924901185,
                "f1-score": 0.984251968503937,
                "support": 253
            },
            "The Hindu": {
                "precision": 1.0,
                "recall": 1.0,
                "f1-score": 1.0,
                "support": 8
            },
            "The New York Times": {
                "precision": 0.8836363636363637,
                "recall": 0.9959016393442623,
                "f1-score": 0.9364161849710984,
                "support": 244
            },
            "The Times (South Africa)": {
                "precision": 1.0,
                "recall": 0.25,
                "f1-score": 0.4,
                "support": 4
            },
            "The Times of India (TOI)": {
                "precision": 0.9615384615384616,
                "recall": 0.974025974025974,
                "f1-score": 0.967741935483871,
                "support": 77
            },
            "The Washington Post": {
                "precision": 0.9798657718120806,
                "recall": 0.8156424581005587,
                "f1-score": 0.8902439024390245,
                "support": 179
            },
            "accuracy": 0.885,
            "macro avg": {
                "precision": 0.9085454119350174,
                "recall": 0.7902989947710559,
                "f1-score": 0.8191323784848797,
                "support": 1000
            },
            "weighted avg": {
                "precision": 0.8905925317299201,
                "recall": 0.885,
                "f1-score": 0.8829704044611787,
                "support": 1000
            }
        }
    },
    "test": {
        "newspaper": {
            "Mail & Guardian": {
                "precision": 1.0,
                "recall": 0.8181818181818182,
                "f1-score": 0.9,
                "support": 11
            },
            "Sydney Morning Herald (Australia)": {
                "precision": 0.6589147286821705,
                "recall": 0.8018867924528302,
                "f1-score": 0.7234042553191489,
                "support": 106
            },
            "The Age (Melbourne, Australia)": {
                "precision": 0.7183098591549296,
                "recall": 0.5368421052631579,
                "f1-score": 0.6144578313253012,
                "support": 95
            },
            "The Australian": {
                "precision": 0.9782608695652174,
                "recall": 0.989010989010989,
                "f1-score": 0.9836065573770493,
                "support": 273
            },
            "The Hindu": {
                "precision": 1.0,
                "recall": 1.0,
                "f1-score": 1.0,
                "support": 6
            },
            "The New York Times": {
                "precision": 0.9067164179104478,
                "recall": 0.9681274900398407,
                "f1-score": 0.9364161849710981,
                "support": 251
            },
            "The Times (South Africa)": {
                "precision": 0.0,
                "recall": 0.0,
                "f1-score": 0.0,
                "support": 4
            },
            "The Times of India (TOI)": {
                "precision": 0.9701492537313433,
                "recall": 0.9701492537313433,
                "f1-score": 0.9701492537313433,
                "support": 67
            },
            "The Washington Post": {
                "precision": 0.9421965317919075,
                "recall": 0.8716577540106952,
                "f1-score": 0.9055555555555556,
                "support": 187
            },
            "accuracy": 0.892,
            "macro avg": {
                "precision": 0.7971719623151129,
                "recall": 0.772872911410075,
                "f1-score": 0.781509959808833,
                "support": 1000
            },
            "weighted avg": {
                "precision": 0.8909261875919419,
                "recall": 0.892,
                "f1-score": 0.8888582865203025,
                "support": 1000
            }
        }
    }
}
