{"newspaper": {"Mail & Guardian": {"precision": 0.7272727272727273, "recall": 0.7272727272727273, "f1-score": 0.7272727272727273, "support": 11}, "Sydney Morning Herald (Australia)": {"precision": 0.8333333333333334, "recall": 0.42452830188679247, "f1-score": 0.5625, "support": 106}, "The Age (Melbourne, Australia)": {"precision": 0.582089552238806, "recall": 0.8210526315789474, "f1-score": 0.6812227074235808, "support": 95}, "The Australian": {"precision": 0.887719298245614, "recall": 0.9267399267399268, "f1-score": 0.9068100358422939, "support": 273}, "The Hindu": {"precision": 0.6666666666666666, "recall": 1.0, "f1-score": 0.8, "support": 6}, "The New York Times": {"precision": 0.9683794466403162, "recall": 0.9760956175298805, "f1-score": 0.9722222222222222, "support": 251}, "The Times (South Africa)": {"precision": 0.0, "recall": 0.0, "f1-score": 0.0, "support": 4}, "The Times of India (TOI)": {"precision": 0.9545454545454546, "recall": 0.9402985074626866, "f1-score": 0.9473684210526316, "support": 67}, "The Washington Post": {"precision": 0.9521276595744681, "recall": 0.9572192513368984, "f1-score": 0.9546666666666667, "support": 187}, "accuracy": 0.877, "macro avg": {"precision": 0.7302371265019318, "recall": 0.7525785515342066, "f1-score": 0.7280069756089025, "support": 1000}, "weighted avg": {"precision": 0.8830448681187629, "recall": 0.877, "f1-score": 0.8707244256451572, "support": 1000}}}