{
    "dev": {
        "subject": 0.6582550705445375
    },
    "test": {
        "subject": 0.6525850602850956
    }
}
