{"dev": {"ncompas": {"left": {"precision": 0.9578947368421052, "recall": 0.9564564564564565, "f1-score": 0.95717505634861, "support": 666}, "right": {"precision": 0.9134328358208955, "recall": 0.9161676646706587, "f1-score": 0.914798206278027, "support": 334}, "accuracy": 0.943, "macro avg": {"precision": 0.9356637863315004, "recall": 0.9363120605635575, "f1-score": 0.9359866313133185, "support": 1000}, "weighted avg": {"precision": 0.9430444619010211, "recall": 0.943, "f1-score": 0.9430211884250352, "support": 1000}}}, "test": {"ncompas": {"left": {"precision": 0.9356287425149701, "recall": 0.9527439024390244, "f1-score": 0.9441087613293051, "support": 656}, "right": {"precision": 0.9066265060240963, "recall": 0.875, "f1-score": 0.8905325443786982, "support": 344}, "accuracy": 0.926, "macro avg": {"precision": 0.9211276242695332, "recall": 0.9138719512195121, "f1-score": 0.9173206528540017, "support": 1000}, "weighted avg": {"precision": 0.9256519731621095, "recall": 0.926, "f1-score": 0.9256785426982963, "support": 1000}}}}