{
    "dev": {
        "month": {
            "0": {
                "precision": 0.2,
                "recall": 0.058823529411764705,
                "f1-score": 0.0909090909090909,
                "support": 17
            },
            "1": {
                "precision": 0.0,
                "recall": 0.0,
                "f1-score": 0.0,
                "support": 2
            },
            "2": {
                "precision": 0.6643990929705216,
                "recall": 0.6674259681093394,
                "f1-score": 0.6659090909090909,
                "support": 439
            },
            "3": {
                "precision": 0.6956521739130435,
                "recall": 0.3076923076923077,
                "f1-score": 0.42666666666666664,
                "support": 52
            },
            "4": {
                "precision": 0.3333333333333333,
                "recall": 0.07692307692307693,
                "f1-score": 0.125,
                "support": 13
            },
            "5": {
                "precision": 0.5326923076923077,
                "recall": 0.6674698795180722,
                "f1-score": 0.5925133689839572,
                "support": 415
            },
            "6": {
                "precision": 0.125,
                "recall": 0.016129032258064516,
                "f1-score": 0.028571428571428574,
                "support": 62
            },
            "accuracy": 0.589,
            "macro avg": {
                "precision": 0.3644395582727437,
                "recall": 0.2563519705589465,
                "f1-score": 0.27565280657717633,
                "support": 1000
            },
            "weighted avg": {
                "precision": 0.5643957558831783,
                "recall": 0.589,
                "f1-score": 0.565355688820983,
                "support": 1000
            }
        }
    },
    "test": {
        "month": {
            "0": {
                "precision": 0.6666666666666666,
                "recall": 0.14285714285714285,
                "f1-score": 0.23529411764705882,
                "support": 14
            },
            "1": {
                "precision": 0.0,
                "recall": 0.0,
                "f1-score": 0.0,
                "support": 1
            },
            "2": {
                "precision": 0.6799065420560748,
                "recall": 0.6736111111111112,
                "f1-score": 0.6767441860465117,
                "support": 432
            },
            "3": {
                "precision": 0.75,
                "recall": 0.375,
                "f1-score": 0.5,
                "support": 48
            },
            "4": {
                "precision": 0.5,
                "recall": 0.2,
                "f1-score": 0.28571428571428575,
                "support": 10
            },
            "5": {
                "precision": 0.5630885122410546,
                "recall": 0.6873563218390805,
                "f1-score": 0.6190476190476191,
                "support": 435
            },
            "6": {
                "precision": 0.1,
                "recall": 0.016666666666666666,
                "f1-score": 0.028571428571428574,
                "support": 60
            },
            "accuracy": 0.613,
            "macro avg": {
                "precision": 0.4656659601376852,
                "recall": 0.2993558917820001,
                "f1-score": 0.3350530910038434,
                "support": 1000
            },
            "weighted avg": {
                "precision": 0.5949964623264163,
                "recall": 0.613,
                "f1-score": 0.5935047488762947,
                "support": 1000
            }
        }
    }
}
