{"month": {"April": {"precision": 0.6666666666666666, "recall": 0.14285714285714285, "f1-score": 0.23529411764705882, "support": 14}, "August": {"precision": 0.0, "recall": 0.0, "f1-score": 0.0, "support": 1}, "December": {"precision": 0.6349809885931559, "recall": 0.7731481481481481, "f1-score": 0.697286012526096, "support": 432}, "July": {"precision": 0.7894736842105263, "recall": 0.3125, "f1-score": 0.44776119402985076, "support": 48}, "March": {"precision": 1.0, "recall": 0.2, "f1-score": 0.33333333333333337, "support": 10}, "November": {"precision": 0.5691964285714286, "recall": 0.5862068965517241, "f1-score": 0.57757644394111, "support": 435}, "October": {"precision": 0.0, "recall": 0.0, "f1-score": 0.0, "support": 60}, "accuracy": 0.608, "macro avg": {"precision": 0.5229025382916825, "recall": 0.2878160267938593, "f1-score": 0.3273215859253498, "support": 1000}, "weighted avg": {"precision": 0.5791403036762534, "recall": 0.608, "f1-score": 0.5805932988194813, "support": 1000}}}