{"dev": {"ncountry": {"0": {"precision": 0.9768421052631578, "recall": 0.9789029535864979, "f1-score": 0.9778714436248683, "support": 474}, "1": {"precision": 0.9111111111111111, "recall": 0.9647058823529412, "f1-score": 0.9371428571428572, "support": 85}, "2": {"precision": 0.7857142857142857, "recall": 0.6111111111111112, "f1-score": 0.6875000000000001, "support": 18}, "3": {"precision": 0.9881235154394299, "recall": 0.983451536643026, "f1-score": 0.9857819905213271, "support": 423}, "accuracy": 0.973, "macro avg": {"precision": 0.9154477543819961, "recall": 0.8845428709233941, "f1-score": 0.8970740728222631, "support": 1000}, "weighted avg": {"precision": 0.9725867065129171, "recall": 0.973, "f1-score": 0.9725289891258518, "support": 1000}}}, "test": {"ncountry": {"0": {"precision": 0.9813278008298755, "recall": 0.9978902953586498, "f1-score": 0.9895397489539749, "support": 474}, "1": {"precision": 0.9315068493150684, "recall": 0.9315068493150684, "f1-score": 0.9315068493150684, "support": 73}, "2": {"precision": 0.8333333333333334, "recall": 0.6666666666666666, "f1-score": 0.7407407407407408, "support": 15}, "3": {"precision": 0.9930715935334873, "recall": 0.9817351598173516, "f1-score": 0.9873708381171068, "support": 438}, "accuracy": 0.981, "macro avg": {"precision": 0.9348098942529411, "recall": 0.894449742789434, "f1-score": 0.9122895442817227, "support": 1000}, "weighted avg": {"precision": 0.9806147355610283, "recall": 0.981, "f1-score": 0.980621379210588, "support": 1000}}}}