{
    "dev": {
        "ncompas": {
            "left": {
                "precision": 0.9216867469879518,
                "recall": 0.918918918918919,
                "f1-score": 0.9203007518796993,
                "support": 666
            },
            "right": {
                "precision": 0.8392857142857143,
                "recall": 0.844311377245509,
                "f1-score": 0.8417910447761194,
                "support": 334
            },
            "accuracy": 0.894,
            "macro avg": {
                "precision": 0.8804862306368331,
                "recall": 0.881615148082214,
                "f1-score": 0.8810458983279094,
                "support": 1000
            },
            "weighted avg": {
                "precision": 0.8941648020654045,
                "recall": 0.894,
                "f1-score": 0.8940785097071037,
                "support": 1000
            }
        }
    },
    "test": {
        "ncompas": {
            "left": {
                "precision": 0.9081163859111792,
                "recall": 0.9039634146341463,
                "f1-score": 0.9060351413292591,
                "support": 656
            },
            "right": {
                "precision": 0.8184438040345822,
                "recall": 0.8255813953488372,
                "f1-score": 0.8219971056439942,
                "support": 344
            },
            "accuracy": 0.877,
            "macro avg": {
                "precision": 0.8632800949728807,
                "recall": 0.8647724049914918,
                "f1-score": 0.8640161234866266,
                "support": 1000
            },
            "weighted avg": {
                "precision": 0.8772690177456297,
                "recall": 0.877,
                "f1-score": 0.877126057053528,
                "support": 1000
            }
        }
    }
}
