{
    "ncompas": {
        "left": {
            "precision": 0.9508716323296355,
            "recall": 0.9146341463414634,
            "f1-score": 0.9324009324009325,
            "support": 656
        },
        "right": {
            "precision": 0.8482384823848238,
            "recall": 0.9098837209302325,
            "f1-score": 0.8779803646563814,
            "support": 344
        },
        "accuracy": 0.913,
        "macro avg": {
            "precision": 0.8995550573572296,
            "recall": 0.912258933635848,
            "f1-score": 0.9051906485286569,
            "support": 1000
        },
        "weighted avg": {
            "precision": 0.9155658287486204,
            "recall": 0.913,
            "f1-score": 0.9136802570968068,
            "support": 1000
        }
    }
}
