{"newspaper": {"Mail & Guardian": {"precision": 0.6153846153846154, "recall": 0.7272727272727273, "f1-score": 0.6666666666666667, "support": 11}, "Sydney Morning Herald (Australia)": {"precision": 0.8870967741935484, "recall": 0.5188679245283019, "f1-score": 0.6547619047619048, "support": 106}, "The Age (Melbourne, Australia)": {"precision": 0.5714285714285714, "recall": 0.8421052631578947, "f1-score": 0.6808510638297872, "support": 95}, "The Australian": {"precision": 0.9061371841155235, "recall": 0.9194139194139194, "f1-score": 0.9127272727272727, "support": 273}, "The Hindu": {"precision": 1.0, "recall": 1.0, "f1-score": 1.0, "support": 6}, "The New York Times": {"precision": 0.9718875502008032, "recall": 0.9641434262948207, "f1-score": 0.968, "support": 251}, "The Times (South Africa)": {"precision": 0.0, "recall": 0.0, "f1-score": 0.0, "support": 4}, "The Times of India (TOI)": {"precision": 1.0, "recall": 0.9253731343283582, "f1-score": 0.9612403100775194, "support": 67}, "The Washington Post": {"precision": 0.9476439790575916, "recall": 0.9679144385026738, "f1-score": 0.9576719576719576, "support": 187}, "accuracy": 0.885, "macro avg": {"precision": 0.7666198527089616, "recall": 0.762787870388744, "f1-score": 0.7557687973039009, "support": 1000}, "weighted avg": {"precision": 0.8966158535671702, "recall": 0.885, "f1-score": 0.8830492486163204, "support": 1000}}}