{"dev": {"ncountry": {"0": {"precision": 0.979253112033195, "recall": 0.9957805907172996, "f1-score": 0.9874476987447699, "support": 474}, "1": {"precision": 1.0, "recall": 0.9647058823529412, "f1-score": 0.9820359281437125, "support": 85}, "2": {"precision": 0.9166666666666666, "recall": 0.6111111111111112, "f1-score": 0.7333333333333334, "support": 18}, "3": {"precision": 0.9952830188679245, "recall": 0.9976359338061466, "f1-score": 0.9964580873671781, "support": 423}, "accuracy": 0.987, "macro avg": {"precision": 0.9728006993919465, "recall": 0.8923083794968746, "f1-score": 0.9248187618972484, "support": 1000}, "weighted avg": {"precision": 0.9866706920848665, "recall": 0.987, "f1-score": 0.9862250340535529, "support": 1000}}, "newspaper": {"0": {"precision": 0.8888888888888888, "recall": 0.5714285714285714, "f1-score": 0.6956521739130435, "support": 14}, "1": {"precision": 0.6, "recall": 0.6486486486486487, "f1-score": 0.6233766233766234, "support": 111}, "2": {"precision": 0.7341772151898734, "recall": 0.5272727272727272, "f1-score": 0.6137566137566137, "support": 110}, "3": {"precision": 0.8515901060070671, "recall": 0.9525691699604744, "f1-score": 0.8992537313432836, "support": 253}, "4": {"precision": 0.8888888888888888, "recall": 1.0, "f1-score": 0.9411764705882353, "support": 8}, "5": {"precision": 0.9820627802690582, "recall": 0.8975409836065574, "f1-score": 0.9379014989293363, "support": 244}, "6": {"precision": 0.0, "recall": 0.0, "f1-score": 0.0, "support": 4}, "7": {"precision": 0.9868421052631579, "recall": 0.974025974025974, "f1-score": 0.9803921568627451, "support": 77}, "8": {"precision": 0.8706467661691543, "recall": 0.9776536312849162, "f1-score": 0.9210526315789473, "support": 179}, "accuracy": 0.856, "macro avg": {"precision": 0.7558996389640099, "recall": 0.7276821895808743, "f1-score": 0.7347291000387587, "support": 1000}, "weighted avg": {"precision": 0.8538232776814216, "recall": 0.856, "f1-score": 0.8506943518071929, "support": 1000}}, "ncompas": {"0": {"precision": 0.9767801857585139, "recall": 0.9474474474474475, "f1-score": 0.961890243902439, "support": 666}, "1": {"precision": 0.9011299435028248, "recall": 0.9550898203592815, "f1-score": 0.9273255813953488, "support": 334}, "accuracy": 0.95, "macro avg": {"precision": 0.9389550646306694, "recall": 0.9512686339033645, "f1-score": 0.944607912648894, "support": 1000}, "weighted avg": {"precision": 0.9515130048451138, "recall": 0.95, "f1-score": 0.9503456466250709, "support": 1000}}, "month": {"0": {"precision": 0.0, "recall": 0.0, "f1-score": 0.0, "support": 17}, "1": {"precision": 0.0, "recall": 0.0, "f1-score": 0.0, "support": 2}, "2": {"precision": 0.7715231788079471, "recall": 0.530751708428246, "f1-score": 0.6288798920377868, "support": 439}, "3": {"precision": 0.38461538461538464, "recall": 0.09615384615384616, "f1-score": 0.15384615384615385, "support": 52}, "4": {"precision": 0.0, "recall": 0.0, "f1-score": 0.0, "support": 13}, "5": {"precision": 0.5191176470588236, "recall": 0.8506024096385543, "f1-score": 0.6447488584474886, "support": 415}, "6": {"precision": 0.75, "recall": 0.04838709677419355, "f1-score": 0.0909090909090909, "support": 62}, "accuracy": 0.594, "macro avg": {"precision": 0.3464651729260222, "recall": 0.2179850087135486, "f1-score": 0.21691199932007432, "support": 1000}, "weighted avg": {"precision": 0.6206324990261006, "recall": 0.594, "f1-score": 0.5572854124966599, "support": 1000}}, "year": {"0": {"precision": 0.0, "recall": 0.0, "f1-score": 0.0, "support": 30}, "1": {"precision": 0.0, "recall": 0.0, "f1-score": 0.0, "support": 30}, "2": {"precision": 0.8571428571428571, "recall": 0.1935483870967742, "f1-score": 0.3157894736842105, "support": 31}, "3": {"precision": 0.6, "recall": 0.08823529411764706, "f1-score": 0.15384615384615385, "support": 34}, "4": {"precision": 0.06772908366533864, "recall": 0.7391304347826086, "f1-score": 0.1240875912408759, "support": 23}, "5": {"precision": 0.0, "recall": 0.0, "f1-score": 0.0, "support": 18}, "6": {"precision": 0.6071428571428571, "recall": 0.3617021276595745, "f1-score": 0.4533333333333333, "support": 47}, "7": {"precision": 1.0, "recall": 0.13636363636363635, "f1-score": 0.24000000000000002, "support": 22}, "8": {"precision": 0.0, "recall": 0.0, "f1-score": 0.0, "support": 22}, "9": {"precision": 0.0, "recall": 0.0, "f1-score": 0.0, "support": 18}, "10": {"precision": 0.0, "recall": 0.0, "f1-score": 0.0, "support": 29}, "11": {"precision": 0.21839080459770116, "recall": 0.5757575757575758, "f1-score": 0.3166666666666667, "support": 33}, "12": {"precision": 0.1839080459770115, "recall": 0.3404255319148936, "f1-score": 0.23880597014925373, "support": 47}, "13": {"precision": 0.5, "recall": 0.12727272727272726, "f1-score": 0.2028985507246377, "support": 55}, "14": {"precision": 0.9259259259259259, "recall": 0.46296296296296297, "f1-score": 0.617283950617284, "support": 54}, "15": {"precision": 0.625, "recall": 0.11363636363636363, "f1-score": 0.1923076923076923, "support": 44}, "16": {"precision": 0.5714285714285714, "recall": 0.17391304347826086, "f1-score": 0.26666666666666666, "support": 46}, "17": {"precision": 0.15822784810126583, "recall": 0.5681818181818182, "f1-score": 0.2475247524752475, "support": 44}, "18": {"precision": 1.0, "recall": 0.022727272727272728, "f1-score": 0.044444444444444446, "support": 44}, "19": {"precision": 0.0, "recall": 0.0, "f1-score": 0.0, "support": 47}, "20": {"precision": 0.9117647058823529, "recall": 0.4189189189189189, "f1-score": 0.5740740740740741, "support": 74}, "21": {"precision": 0.7317073170731707, "recall": 0.5660377358490566, "f1-score": 0.6382978723404255, "support": 53}, "22": {"precision": 0.2857142857142857, "recall": 0.6486486486486487, "f1-score": 0.396694214876033, "support": 74}, "23": {"precision": 0.6666666666666666, "recall": 0.49382716049382713, "f1-score": 0.5673758865248227, "support": 81}, "accuracy": 0.301, "macro avg": {"precision": 0.4129478737215835, "recall": 0.25130373499427366, "f1-score": 0.23292072058215926, "support": 1000}, "weighted avg": {"precision": 0.4785571592792886, "recall": 0.301, "f1-score": 0.29582649561792257, "support": 1000}}, "geographic": 0.5498361666111666, "subject": 0.6476996233459485}, "test": {"ncountry": {"0": {"precision": 0.9791666666666666, "recall": 0.9915611814345991, "f1-score": 0.9853249475890985, "support": 474}, "1": {"precision": 1.0, "recall": 0.9452054794520548, "f1-score": 0.971830985915493, "support": 73}, "2": {"precision": 0.7272727272727273, "recall": 0.5333333333333333, "f1-score": 0.6153846153846153, "support": 15}, "3": {"precision": 0.9886363636363636, "recall": 0.9931506849315068, "f1-score": 0.9908883826879272, "support": 438}, "accuracy": 0.982, "macro avg": {"precision": 0.9237689393939393, "recall": 0.8658126697878734, "f1-score": 0.8908572328942835, "support": 1000}, "weighted avg": {"precision": 0.9810568181818181, "recall": 0.982, "f1-score": 0.981227567977145, "support": 1000}}, "newspaper": {"0": {"precision": 0.6666666666666666, "recall": 0.7272727272727273, "f1-score": 0.6956521739130435, "support": 11}, "1": {"precision": 0.5982905982905983, "recall": 0.660377358490566, "f1-score": 0.6278026905829597, "support": 106}, "2": {"precision": 0.6865671641791045, "recall": 0.4842105263157895, "f1-score": 0.5679012345679012, "support": 95}, "3": {"precision": 0.8711864406779661, "recall": 0.9413919413919414, "f1-score": 0.9049295774647887, "support": 273}, "4": {"precision": 1.0, "recall": 1.0, "f1-score": 1.0, "support": 6}, "5": {"precision": 0.9828326180257511, "recall": 0.9123505976095617, "f1-score": 0.9462809917355371, "support": 251}, "6": {"precision": 0.0, "recall": 0.0, "f1-score": 0.0, "support": 4}, "7": {"precision": 1.0, "recall": 0.9402985074626866, "f1-score": 0.9692307692307692, "support": 67}, "8": {"precision": 0.8840579710144928, "recall": 0.9786096256684492, "f1-score": 0.9289340101522843, "support": 187}, "accuracy": 0.862,