{
    "dev": {
        "geographic": 0.7519982128982129
    },
    "test": {
        "geographic": 0.7668469252969253
    }
}
