{
    "newspaper": {
        "Mail & Guardian": {
            "precision": 1.0,
            "recall": 0.7142857142857143,
            "f1-score": 0.8333333333333333,
            "support": 21
        },
        "Sydney Morning Herald (Australia)": {
            "precision": 0.5510204081632653,
            "recall": 0.8059701492537313,
            "f1-score": 0.6545454545454544,
            "support": 134
        },
        "The Age (Melbourne, Australia)": {
            "precision": 0.6395348837209303,
            "recall": 0.5392156862745098,
            "f1-score": 0.5851063829787233,
            "support": 102
        },
        "The Australian": {
            "precision": 0.9739583333333334,
            "recall": 0.7759336099585062,
            "f1-score": 0.8637413394919169,
            "support": 241
        },
        "The Hindu": {
            "precision": 0.0,
            "recall": 0.0,
            "f1-score": 0.0,
            "support": 0
        },
        "The New York Times": {
            "precision": 0.9726277372262774,
            "recall": 1.0,
            "f1-score": 0.9861239592969472,
            "support": 533
        },
        "The Times (South Africa)": {
            "precision": 0.0,
            "recall": 0.0,
            "f1-score": 0.0,
            "support": 0
        },
        "The Times of India (TOI)": {
            "precision": 0.9834710743801653,
            "recall": 1.0,
            "f1-score": 0.9916666666666667,
            "support": 238
        },
        "The Washington Post": {
            "precision": 1.0,
            "recall": 0.9371069182389937,
            "f1-score": 0.9675324675324676,
            "support": 159
        },
        "micro avg": {
            "precision": 0.8998599439775911,
            "recall": 0.8998599439775911,
            "f1-score": 0.8998599439775911,
            "support": 1428
        },
        "macro avg": {
            "precision": 0.6800680485359969,
            "recall": 0.6413902308901618,
            "f1-score": 0.6535610670939455,
            "support": 1428
        },
        "weighted avg": {
            "precision": 0.9147548675145876,
            "recall": 0.8998599439775911,
            "f1-score": 0.902317930042069,
            "support": 1428
        },
        "accuracy": 0.8998599439775911
    },
    "ncompas": {
        "left": {
            "precision": 0.9653061224489796,
            "recall": 0.9968387776606955,
            "f1-score": 0.9808190772420944,
            "support": 949
        },
        "right": {
            "precision": 0.9933035714285714,
            "recall": 0.9290187891440501,
            "f1-score": 0.9600862998921251,
            "support": 479
        },
        "accuracy": 0.9740896358543417,
        "macro avg": {
            "precision": 0.9793048469387755,
            "recall": 0.9629287834023728,
            "f1-score": 0.9704526885671098,
            "support": 1428
        },
        "weighted avg": {
            "precision": 0.9746974236123022,
            "recall": 0.9740896358543417,
            "f1-score": 0.9738645952038343,
            "support": 1428
        }
    },
    "year": {
        "1995": {
            "precision": 0.0,
            "recall": 0.0,
            "f1-score": 0.0,
            "support": 0
        },
        "1996": {
            "precision": 0.0,
            "recall": 0.0,
            "f1-score": 0.0,
            "support": 0
        },
        "1997": {
            "precision": 0.0,
            "recall": 0.0,
            "f1-score": 0.0,
            "support": 0
        },
        "1998": {
            "precision": 0.0,
            "recall": 0.0,
            "f1-score": 0.0,
            "support": 0
        },
        "1999": {
            "precision": 0.0,
            "recall": 0.0,
            "f1-score": 0.0,
            "support": 0
        },
        "2000": {
            "precision": 0.0,
            "recall": 0.0,
            "f1-score": 0.0,
            "support": 0
        },
        "2001": {
            "precision": 0.0,
            "recall": 0.0,
            "f1-score": 0.0,
            "support": 0
        },
        "2002": {
            "precision": 0.0,
            "recall": 0.0,
            "f1-score": 0.0,
            "support": 0
        },
        "2003": {
            "precision": 0.0,
            "recall": 0.0,
            "f1-score": 0.0,
            "support": 0
        },
        "2004": {
            "precision": 0.0,
            "recall": 0.0,
            "f1-score": 0.0,
            "support": 0
        },
        "2005": {
            "precision": 0.0,
            "recall": 0.0,
            "f1-score": 0.0,
            "support": 0
        },
        "2006": {
            "precision": 0.0,
            "recall": 0.0,
            "f1-score": 0.0,
            "support": 0
        },
        "2007": {
            "precision": 0.0,
            "recall": 0.0,
            "f1-score": 0.0,
            "support": 0
        },
        "2008": {
            "precision": 0.0,
            "recall": 0.0,
            "f1-score": 0.0,
            "support": 0
        },
        "2009": {
            "precision": 0.0,
            "recall": 0.0,
            "f1-score": 0.0,
            "support": 0
        },
        "2010": {
            "precision": 0.0,
            "recall": 0.0,
            "f1-score": 0.0,
            "support": 0
        },
        "2011": {
            "precision": 0.0,
            "recall": 0.0,
            "f1-score": 0.0,
            "support": 0
        },
        "2012": {
            "precision": 0.0,
            "recall": 0.0,
            "f1-score": 0.0,
            "support": 0
        },
        "2013": {
            "precision": 0.0,
            "recall": 0.0,
            "f1-score": 0.0,
            "support": 0
        },
        "2014": {
            "precision": 0.0,
            "recall": 0.0,
            "f1-score": 0.0,
            "support": 0
        },
        "2015": {
            "precision": 0.0,
            "recall": 0.0,
            "f1-score": 0.0,
            "support": 0
        },
        "2016": {
            "precision": 0.0,
            "recall": 0.0,
            "f1-score": 0.0,
            "support": 0
        },
        "2017": {
            "precision": 0.0,
            "recall": 0.0,
            "f1-score": 0.0,
            "support": 0
        },
        "2018": {
            "precision": 1.0,
            "recall": 0.10364145658263306,
            "f1-score": 0.18781725888324874,
            "support": 1428
        },
        "micro avg": {
            "precision": 0.10364145658263306,
            "recall": 0.10364145658263306,
            "f1-score": 0.10364145658263306,
            "support": 1428
        },
        "macro avg": {
            "precision": 0.041666666666666664,
            "recall": 0.0043183940242763775,
            "f1-score": 0.007825719120135364,
            "support": 1428
        },
        "weighted avg": {
            "precision": 1.0,
            "recall": 0.10364145658263306,
            "f1-score": 0.18781725888324877,
            "support": 1428
        },
        "accuracy": 0.10364145658263306
    },
    "ncountry": {
        "australia": {
            "precision": 0.9937238493723849,
            "recall": 0.9958071278825996,
            "f1-score": 0.9947643979057592,
            "support": 477
        },
        "india": {
            "precision": 0.9916666666666667,
            "recall": 1.0,
            "f1-score": 0.99581589958159,
            "support": 238
        },
        "south_africa": {
            "precision": 1.0,
            "recall": 0.7142857142857143,
            "f1-score": 0.8333333333333333,
            "support": 21
        },
        "us": {
            "precision": 0.99568345323741,
            "recall": 1.0,
            "f1-score": 0.9978370583994233,
            "support": 692
        },
        "accuracy": 0.9943977591036415,