{"newspaper": {"Mail & Guardian": {"precision": 0.0, "recall": 0.0, "f1-score": 0.0, "support": 11}, "Sydney Morning Herald (Australia)": {"precision": 0.0, "recall": 0.0, "f1-score": 0.0, "support": 106}, "The Age (Melbourne, Australia)": {"precision": 0.0, "recall": 0.0, "f1-score": 0.0, "support": 95}, "The Australian": {"precision": 0.41379310344827586, "recall": 0.04395604395604396, "f1-score": 0.07947019867549669, "support": 273}, "The Hindu": {"precision": 0.0, "recall": 0.0, "f1-score": 0.0, "support": 6}, "The New York Times": {"precision": 0.2476303317535545, "recall": 0.8326693227091634, "f1-score": 0.38173515981735157, "support": 251}, "The Times (South Africa)": {"precision": 0.0, "recall": 0.0, "f1-score": 0.0, "support": 4}, "The Times of India (TOI)": {"precision": 0.6666666666666666, "recall": 0.029850746268656716, "f1-score": 0.05714285714285715, "support": 67}, "The Washington Post": {"precision": 0.0, "recall": 0.0, "f1-score": 0.0, "support": 187}, "accuracy": 0.223, "macro avg": {"precision": 0.14756556687427744, "recall": 0.10071956810376266, "f1-score": 0.05759424618174505, "support": 1000}, "weighted avg": {"precision": 0.21978739717818815, "recall": 0.223, "f1-score": 0.12133946078113726, "support": 1000}}}