{"dev": {"subject": 0.6833041983989673}, "test": {"subject": 0.70657848095672}}