{
    "dev": {
        "geographic": 0.8243279276279277
    },
    "test": {
        "geographic": 0.8315929209679209
    }
}
