{"dev": {"ncountry": {"australia": {"precision": 0.9891304347826086, "recall": 0.959915611814346, "f1-score": 0.9743040685224839, "support": 474}, "india": {"precision": 0.865979381443299, "recall": 0.9882352941176471, "f1-score": 0.9230769230769231, "support": 85}, "south_africa": {"precision": 0.9333333333333333, "recall": 0.7777777777777778, "f1-score": 0.8484848484848485, "support": 18}, "us": {"precision": 0.9813084112149533, "recall": 0.9929078014184397, "f1-score": 0.9870740305522915, "support": 423}, "accuracy": 0.973, "macro avg": {"precision": 0.9424378901935486, "recall": 0.9297091212820526, "f1-score": 0.9332349676591368, "support": 1000}, "weighted avg": {"precision": 0.9743495314535621, "recall": 0.973, "f1-score": 0.9730867091375424, "support": 1000}}}, "test": {"ncountry": {"australia": {"precision": 0.989247311827957, "recall": 0.9704641350210971, "f1-score": 0.9797657082002129, "support": 474}, "india": {"precision": 0.8658536585365854, "recall": 0.9726027397260274, "f1-score": 0.9161290322580644, "support": 73}, "south_africa": {"precision": 0.625, "recall": 0.6666666666666666, "f1-score": 0.6451612903225806, "support": 15}, "us": {"precision": 0.9931350114416476, "recall": 0.9908675799086758, "f1-score": 0.992, "support": 438}, "accuracy": 0.975, "macro avg": {"precision": 0.8683089954515475, "recall": 0.9001502803306167, "f1-score": 0.8832640076952145, "support": 1000}, "weighted avg": {"precision": 0.9764786778910641, "recall": 0.975, "f1-score": 0.9754597843965782, "support": 1000}}}}