{"dev": {"ncountry": {"0": {"precision": 0.9770354906054279, "recall": 0.9873417721518988, "f1-score": 0.9821615949632738, "support": 474}, "1": {"precision": 0.975609756097561, "recall": 0.9411764705882353, "f1-score": 0.9580838323353293, "support": 85}, "2": {"precision": 1.0, "recall": 0.6666666666666666, "f1-score": 0.8, "support": 18}, "3": {"precision": 0.990632318501171, "recall": 1.0, "f1-score": 0.9952941176470588, "support": 423}, "accuracy": 0.983, "macro avg": {"precision": 0.98581939130104, "recall": 0.8987962273517002, "f1-score": 0.9338848862364155, "support": 1000}, "weighted avg": {"precision": 0.9830791225412608, "recall": 0.983, "f1-score": 0.9823911335258007, "support": 1000}}}, "test": {"ncountry": {"0": {"precision": 0.9770833333333333, "recall": 0.989451476793249, "f1-score": 0.9832285115303984, "support": 474}, "1": {"precision": 1.0, "recall": 0.9315068493150684, "f1-score": 0.9645390070921985, "support": 73}, "2": {"precision": 0.6923076923076923, "recall": 0.6, "f1-score": 0.6428571428571429, "support": 15}, "3": {"precision": 0.9908883826879271, "recall": 0.9931506849315068, "f1-score": 0.992018244013683, "support": 438}, "accuracy": 0.981, "macro avg": {"precision": 0.9150698520822381, "recall": 0.8785272527599561, "f1-score": 0.8956607263733557, "support": 1000}, "weighted avg": {"precision": 0.9805312270019275, "recall": 0.981, "f1-score": 0.9806085100039895, "support": 1000}}}}