{
    "dev": {
        "year": {
            "0": {
                "precision": 0.2830188679245283,
                "recall": 0.5,
                "f1-score": 0.3614457831325301,
                "support": 30
            },
            "1": {
                "precision": 0.5,
                "recall": 0.6,
                "f1-score": 0.5454545454545454,
                "support": 30
            },
            "2": {
                "precision": 0.5238095238095238,
                "recall": 0.3548387096774194,
                "f1-score": 0.4230769230769231,
                "support": 31
            },
            "3": {
                "precision": 0.5,
                "recall": 0.14705882352941177,
                "f1-score": 0.22727272727272727,
                "support": 34
            },
            "4": {
                "precision": 0.25,
                "recall": 0.043478260869565216,
                "f1-score": 0.07407407407407408,
                "support": 23
            },
            "5": {
                "precision": 0.3333333333333333,
                "recall": 0.2222222222222222,
                "f1-score": 0.26666666666666666,
                "support": 18
            },
            "6": {
                "precision": 0.22727272727272727,
                "recall": 0.5319148936170213,
                "f1-score": 0.3184713375796178,
                "support": 47
            },
            "7": {
                "precision": 0.4,
                "recall": 0.09090909090909091,
                "f1-score": 0.14814814814814814,
                "support": 22
            },
            "8": {
                "precision": 0.4,
                "recall": 0.2727272727272727,
                "f1-score": 0.3243243243243243,
                "support": 22
            },
            "9": {
                "precision": 0.16666666666666666,
                "recall": 0.05555555555555555,
                "f1-score": 0.08333333333333333,
                "support": 18
            },
            "10": {
                "precision": 0.13333333333333333,
                "recall": 0.06896551724137931,
                "f1-score": 0.09090909090909091,
                "support": 29
            },
            "11": {
                "precision": 0.6666666666666666,
                "recall": 0.48484848484848486,
                "f1-score": 0.5614035087719298,
                "support": 33
            },
            "12": {
                "precision": 0.35294117647058826,
                "recall": 0.2553191489361702,
                "f1-score": 0.2962962962962963,
                "support": 47
            },
            "13": {
                "precision": 0.4727272727272727,
                "recall": 0.4727272727272727,
                "f1-score": 0.4727272727272727,
                "support": 55
            },
            "14": {
                "precision": 0.723404255319149,
                "recall": 0.6296296296296297,
                "f1-score": 0.6732673267326733,
                "support": 54
            },
            "15": {
                "precision": 0.5185185185185185,
                "recall": 0.3181818181818182,
                "f1-score": 0.39436619718309857,
                "support": 44
            },
            "16": {
                "precision": 0.2926829268292683,
                "recall": 0.5217391304347826,
                "f1-score": 0.375,
                "support": 46
            },
            "17": {
                "precision": 0.3684210526315789,
                "recall": 0.3181818181818182,
                "f1-score": 0.3414634146341463,
                "support": 44
            },
            "18": {
                "precision": 0.23943661971830985,
                "recall": 0.38636363636363635,
                "f1-score": 0.2956521739130435,
                "support": 44
            },
            "19": {
                "precision": 0.9090909090909091,
                "recall": 0.2127659574468085,
                "f1-score": 0.3448275862068965,
                "support": 47
            },
            "20": {
                "precision": 0.5730337078651685,
                "recall": 0.6891891891891891,
                "f1-score": 0.6257668711656441,
                "support": 74
            },
            "21": {
                "precision": 0.3090909090909091,
                "recall": 0.6415094339622641,
                "f1-score": 0.4171779141104294,
                "support": 53
            },
            "22": {
                "precision": 0.7741935483870968,
                "recall": 0.32432432432432434,
                "f1-score": 0.45714285714285713,
                "support": 74
            },
            "23": {
                "precision": 0.5106382978723404,
                "recall": 0.5925925925925926,
                "f1-score": 0.5485714285714286,
                "support": 81
            },
            "accuracy": 0.414,
            "macro avg": {
                "precision": 0.4345116797303287,
                "recall": 0.3639601159653221,
                "f1-score": 0.3611183250594874,
                "support": 1000
            },
            "weighted avg": {
                "precision": 0.47046878823744204,
                "recall": 0.414,
                "f1-score": 0.4043830893407617,
                "support": 1000
            }
        }
    },
    "test": {
        "year": {
            "0": {
                "precision": 0.21568627450980393,
                "recall": 0.4583333333333333,
                "f1-score": 0.2933333333333333,
                "support": 24
            },
            "1": {
                "precision": 0.40540540540540543,
                "recall": 0.5769230769230769,
                "f1-score": 0.47619047619047616,
                "support": 26
            },
            "2": {
                "precision": 0.4666666666666667,
                "recall": 0.21875,
                "f1-score": 0.2978723404255319,
                "support": 32
            },
            "3": {
                "precision": 0.8571428571428571,
                "recall": 0.4444444444444444,
                "f1-score": 0.5853658536585367,
                "support": 27
            },
            "4": {
                "precision": 1.0,
                "recall": 0.04,
                "f1-score": 0.07692307692307693,
                "support": 25
            },
            "5": {
                "precision": 0.35294117647058826,
                "recall": 0.3157894736842105,
                "f1-score": 0.33333333333333337,
                "support": 19
            },
            "6": {
                "precision": 0.3157894736842105,
                "recall": 0.72,
                "f1-score": 0.43902439024390244,
                "support": 50
            },
            "7": {
                "precision": 0.16666666666666666,
                "recall": 0.045454545454545456,
                "f1-score": 0.07142857142857144,
                "support": 22
            },
            "8": {
                "precision": 0.3,
                "recall": 0.125,
                "f1-score": 0.17647058823529413,
                "support": 24
            },
            "9": {
                "precision": 0.1111111111111111,
                "recall": 0.038461538461538464,
                "f1-score": 0.05714285714285715,
                "support": 26
            },
            "10": {
                "precision": 0.1,
                "recall": 0.06451612903225806,
                "f1-score": 0.0784313725490196,
                "support": 31
            },
            "11": {
                "precision": 0.7714285714285715,
                "recall": 0.7297297297297297,
                "f1-score": 0.75,
                "support": 37
            },
            "12": {
                "precision": 0.525,
                "recall": 0.39622641509433965,
                "f1-score": 0.45161290322580644,