{
    "dev": {
        "geographic": 0.03113941613941614
    },
    "test": {
        "geographic": 0.03400909923409924
    }
}
