{"dev": {"month": {"0": {"precision": 0.0, "recall": 0.0, "f1-score": 0.0, "support": 17}, "1": {"precision": 0.0, "recall": 0.0, "f1-score": 0.0, "support": 2}, "2": {"precision": 0.7116704805491991, "recall": 0.7084282460136674, "f1-score": 0.7100456621004566, "support": 439}, "3": {"precision": 0.5833333333333334, "recall": 0.2692307692307692, "f1-score": 0.3684210526315789, "support": 52}, "4": {"precision": 0.0, "recall": 0.0, "f1-score": 0.0, "support": 13}, "5": {"precision": 0.5566037735849056, "recall": 0.7108433734939759, "f1-score": 0.6243386243386243, "support": 415}, "6": {"precision": 0.5, "recall": 0.04838709677419355, "f1-score": 0.08823529411764706, "support": 62}, "accuracy": 0.623, "macro avg": {"precision": 0.33594394106677683, "recall": 0.2481270693589437, "f1-score": 0.2558629475983295, "support": 1000}, "weighted avg": {"precision": 0.6047472403321676, "recall": 0.623, "f1-score": 0.5954390577347658, "support": 1000}}, "year": {"0": {"precision": 0.6666666666666666, "recall": 0.26666666666666666, "f1-score": 0.3809523809523809, "support": 30}, "1": {"precision": 0.7777777777777778, "recall": 0.23333333333333334, "f1-score": 0.35897435897435903, "support": 30}, "2": {"precision": 0.40476190476190477, "recall": 0.5483870967741935, "f1-score": 0.4657534246575342, "support": 31}, "3": {"precision": 0.24, "recall": 0.17647058823529413, "f1-score": 0.20338983050847456, "support": 34}, "4": {"precision": 0.11702127659574468, "recall": 0.4782608695652174, "f1-score": 0.18803418803418803, "support": 23}, "5": {"precision": 1.0, "recall": 0.05555555555555555, "f1-score": 0.10526315789473684, "support": 18}, "6": {"precision": 0.4426229508196721, "recall": 0.574468085106383, "f1-score": 0.5, "support": 47}, "7": {"precision": 0.5, "recall": 0.045454545454545456, "f1-score": 0.08333333333333334, "support": 22}, "8": {"precision": 0.2222222222222222, "recall": 0.18181818181818182, "f1-score": 0.19999999999999998, "support": 22}, "9": {"precision": 0.0, "recall": 0.0, "f1-score": 0.0, "support": 18}, "10": {"precision": 0.0, "recall": 0.0, "f1-score": 0.0, "support": 29}, "11": {"precision": 0.4, "recall": 0.7272727272727273, "f1-score": 0.5161290322580645, "support": 33}, "12": {"precision": 0.38, "recall": 0.40425531914893614, "f1-score": 0.3917525773195877, "support": 47}, "13": {"precision": 0.4727272727272727, "recall": 0.4727272727272727, "f1-score": 0.4727272727272727, "support": 55}, "14": {"precision": 0.6721311475409836, "recall": 0.7592592592592593, "f1-score": 0.7130434782608696, "support": 54}, "15": {"precision": 0.26666666666666666, "recall": 0.18181818181818182, "f1-score": 0.21621621621621623, "support": 44}, "16": {"precision": 0.2714285714285714, "recall": 0.41304347826086957, "f1-score": 0.3275862068965517, "support": 46}, "17": {"precision": 0.45714285714285713, "recall": 0.36363636363636365, "f1-score": 0.4050632911392405, "support": 44}, "18": {"precision": 0.631578947368421, "recall": 0.2727272727272727, "f1-score": 0.38095238095238093, "support": 44}, "19": {"precision": 0.390625, "recall": 0.5319148936170213, "f1-score": 0.45045045045045046, "support": 47}, "20": {"precision": 0.7704918032786885, "recall": 0.6351351351351351, "f1-score": 0.6962962962962963, "support": 74}, "21": {"precision": 0.5492957746478874, "recall": 0.7358490566037735, "f1-score": 0.6290322580645161, "support": 53}, "22": {"precision": 0.4787234042553192, "recall": 0.6081081081081081, "f1-score": 0.5357142857142857, "support": 74}, "23": {"precision": 0.6507936507936508, "recall": 0.5061728395061729, "f1-score": 0.5694444444444445, "support": 81}, "accuracy": 0.444, "macro avg": {"precision": 0.4484449122789294, "recall": 0.38218061793043606, "f1-score": 0.3662545360456327, "support": 1000}, "weighted avg": {"precision": 0.4795307604329653, "recall": 0.444, "f1-score": 0.4304240786444824, "support": 1000}}, "ncountry": {"0": {"precision": 0.9849785407725322, "recall": 0.9683544303797469, "f1-score": 0.9765957446808512, "support": 474}, "1": {"precision": 0.8723404255319149, "recall": 0.9647058823529412, "f1-score": 0.9162011173184357, "support": 85}, "2": {"precision": 0.8333333333333334, "recall": 0.5555555555555556, "f1-score": 0.6666666666666667, "support": 18}, "3": {"precision": 0.9813084112149533, "recall": 0.9929078014184397, "f1-score": 0.9870740305522915, "support": 423}, "accuracy": 0.971, "macro avg": {"precision": 0.9179901777131834, "recall": 0.8703809174266708, "f1-score": 0.8866343898045613, "support": 1000}, "weighted avg": {"precision": 0.9711222224403182, "recall": 0.971, "f1-score": 0.9703157928744098, "support": 1000}}, "ncompas": {"0": {"precision": 0.9445255474452555, "recall": 0.9714714714714715, "f1-score": 0.9578090303478904, "support": 666}, "1": {"precision": 0.9396825396825397, "recall": 0.8862275449101796, "f1-score": 0.9121725731895223, "support": 334}, "accuracy": 0.943, "macro avg": {"precision": 0.9421040435638977, "recall": 0.9288495081908256, "f1-score": 0.9349908017687063, "support": 1000}, "weighted avg": {"precision": 0.9429079828525084, "recall": 0.943, "f1-score": 0.9425664536569954, "support": 1000}}, "newspaper": {"0": {"precision": 0.75, "recall": 0.6428571428571429, "f1-score": 0.6923076923076924, "support": 14}, "1": {"precision": 0.6574074074074074, "recall": 0.6396396396396397, "f1-score": 0.6484018264840182, "support": 111}, "2": {"precision": 0.7536231884057971, "recall": 0.4727272727272727, "f1-score": 0.5810055865921788, "support": 110}, "3": {"precision": 0.8392857142857143, "recall": 0.9288537549407114, "f1-score": 0.8818011257035647, "support": 253}, "4": {"precision": 1.0, "recall": 1.0, "f1-score": 1.0, "support": 8}, "5": {"precision": 0.9423868312757202, "recall": 0.9385245901639344, "f1-score": 0.9404517453798769, "support": 244}, "6": {"precision": 0.0, "recall": 0.0, "f1-score": 0.0, "support": 4}, "7": {"precision": 0.8222222222222222, "recall": 0.961038961038961, "f1-score": 0.8862275449101796, "support": 77}, "8": {"precision": 0.8526315789473684, "recall": 0.9050279329608939, "f1-score": 0.8780487804878049, "support": 179}, "accuracy": 0.84, "macro avg": {"precision": 0.7352841047271367, "recall": 0.7209632549253951, "f1-score": 0.7231382557628128, "support": 1000}, "weighted avg": {"precision": 0.8325846092351115, "recall": 0.84, "f1-score": 0.8315516882982661, "support": 1000}}, "subject": 0.3414429816003682, "geographic": 0.26168325840825846}, "test": {"month": {"0": {"precision": 0.0, "recall": 0.0, "f1-score": 0.0, "support": 14}, "1": {"precision": 0.0, "recall": 0.0, "f1-score": 0.0, "support": 1}, "2": {"precision": 0.6812933025404158, "recall": 0.6828703703703703, "f1-score": 0.6820809248554912, "support": 432}, "3": {"precision": 0.5652173913043478, "recall": 0.2708333333333333, "f1-score": 0.3661971830985915, "support": 48}, "4": {"precision": 0.0, "recall": 0.0, "f1-score": 0.0, "support": 10}, "5": {"precision": 0.5553505535055351, "recall": 0.6919540229885057, "f1-score": 0.6161719549641761, "support": 435}, "6": {"precision": 0.5, "recall": 0.016666666666666666, "f1-score": 0.03225806451612903, "support": 60}, "accuracy": 0.61, "macro avg": {"precision": 0.32883732105004265, "recall": 0.23747491333698229, "f1-score": 0.24238687534776973, "support": 1000}, "weighted avg": {"precision": 0.5930266322549761, "recall": 0.61, "f1-score": 0.582206708606689, "support": 1000}}, "year": {"0": {"precision": 0.6666666666666666, "recall": 0.08333333333333333, "f1-score": 0.14814814814814814, "support": 24}, "1": {"precision": 0.6666666666666666, "recall": 0.23076923076923078, "f1-score": 0.3428571428571429, "support": 26}, "2": {"precision": 0.5, "recall": 0.5, "f1-score": 0.5, "support": 32}, "3": {"precision": 0.36, "recall": 0.3333333333333333, "f1-score": 0.34615384615384615, "support": 27}, "4": {"precision": 0.15853658536585366, "recall": 0.52, "f1-score": 0.24299065420560748, "support": 25}, "5": {"precision": 1.0, "recall": 0.05263157894736842, "f1-score": 0.1,