{
    "dev": {
        "geographic": 0.7786624625374625
    },
    "test": {
        "geographic": 0.7737131951381951
    }
}
