{
    "dev": {
        "geographic": 0.7155442224442224
    },
    "test": {
        "geographic": 0.7086013153513153
    }
}
