{"dev": {"month": {"April": {"precision": 0.3333333333333333, "recall": 0.11764705882352941, "f1-score": 0.1739130434782609, "support": 17}, "August": {"precision": 0.0, "recall": 0.0, "f1-score": 0.0, "support": 2}, "December": {"precision": 0.711217183770883, "recall": 0.6788154897494305, "f1-score": 0.6946386946386947, "support": 439}, "July": {"precision": 0.4117647058823529, "recall": 0.40384615384615385, "f1-score": 0.4077669902912621, "support": 52}, "March": {"precision": 0.2, "recall": 0.07692307692307693, "f1-score": 0.1111111111111111, "support": 13}, "November": {"precision": 0.5649606299212598, "recall": 0.691566265060241, "f1-score": 0.6218851570964247, "support": 415}, "October": {"precision": 0.45454545454545453, "recall": 0.08064516129032258, "f1-score": 0.136986301369863, "support": 62}, "accuracy": 0.614, "macro avg": {"precision": 0.38226018677904056, "recall": 0.2927776008132506, "f1-score": 0.30661447114080237, "support": 1000}, "weighted avg": {"precision": 0.6045432546471078, "recall": 0.614, "f1-score": 0.5971267275050552, "support": 1000}}}, "test": {"month": {"April": {"precision": 0.4, "recall": 0.14285714285714285, "f1-score": 0.21052631578947364, "support": 14}, "August": {"precision": 0.0, "recall": 0.0, "f1-score": 0.0, "support": 1}, "December": {"precision": 0.6826196473551638, "recall": 0.6273148148148148, "f1-score": 0.6537997587454766, "support": 432}, "July": {"precision": 0.5625, "recall": 0.5625, "f1-score": 0.5625, "support": 48}, "March": {"precision": 1.0, "recall": 0.1, "f1-score": 0.18181818181818182, "support": 10}, "November": {"precision": 0.5578358208955224, "recall": 0.6873563218390805, "f1-score": 0.615859938208033, "support": 435}, "October": {"precision": 0.23076923076923078, "recall": 0.05, "f1-score": 0.08219178082191782, "support": 60}, "accuracy": 0.603, "macro avg": {"precision": 0.4905320998599882, "recall": 0.3100040399301483, "f1-score": 0.3295279964832975, "support": 1000}, "weighted avg": {"precision": 0.5939964235931368, "recall": 0.603, "f1-score": 0.5870376259870896, "support": 1000}}}}