{"dev": {"ncompas": {"left": {"precision": 0.9680851063829787, "recall": 0.9564564564564565, "f1-score": 0.9622356495468278, "support": 666}, "right": {"precision": 0.9152046783625731, "recall": 0.937125748502994, "f1-score": 0.92603550295858, "support": 334}, "accuracy": 0.95, "macro avg": {"precision": 0.9416448923727759, "recall": 0.9467911024797253, "f1-score": 0.944135576252704, "support": 1000}, "weighted avg": {"precision": 0.9504230434241633, "recall": 0.95, "f1-score": 0.9501448005863531, "support": 1000}}, "month": {"April": {"precision": 0.5555555555555556, "recall": 0.29411764705882354, "f1-score": 0.3846153846153846, "support": 17}, "August": {"precision": 0.0, "recall": 0.0, "f1-score": 0.0, "support": 2}, "December": {"precision": 0.6854460093896714, "recall": 0.6651480637813212, "f1-score": 0.6751445086705203, "support": 439}, "July": {"precision": 0.6363636363636364, "recall": 0.2692307692307692, "f1-score": 0.37837837837837834, "support": 52}, "March": {"precision": 0.0, "recall": 0.0, "f1-score": 0.0, "support": 13}, "November": {"precision": 0.5485074626865671, "recall": 0.708433734939759, "f1-score": 0.6182965299684542, "support": 415}, "October": {"precision": 0.6666666666666666, "recall": 0.06451612903225806, "f1-score": 0.1176470588235294, "support": 62}, "accuracy": 0.609, "macro avg": {"precision": 0.4417913329517281, "recall": 0.2859209062918473, "f1-score": 0.3105831229223238, "support": 1000}, "weighted avg": {"precision": 0.6124100820056779, "recall": 0.609, "f1-score": 0.5864897541044629, "support": 1000}}, "newspaper": {"Mail & Guardian": {"precision": 0.65, "recall": 0.9285714285714286, "f1-score": 0.7647058823529412, "support": 14}, "Sydney Morning Herald (Australia)": {"precision": 0.6666666666666666, "recall": 0.5405405405405406, "f1-score": 0.5970149253731343, "support": 111}, "The Age (Melbourne, Australia)": {"precision": 0.6607142857142857, "recall": 0.6727272727272727, "f1-score": 0.6666666666666666, "support": 110}, "The Australian": {"precision": 0.8814814814814815, "recall": 0.9407114624505929, "f1-score": 0.9101338432122371, "support": 253}, "The Hindu": {"precision": 1.0, "recall": 1.0, "f1-score": 1.0, "support": 8}, "The New York Times": {"precision": 0.8810408921933085, "recall": 0.9713114754098361, "f1-score": 0.9239766081871346, "support": 244}, "The Times (South Africa)": {"precision": 0.0, "recall": 0.0, "f1-score": 0.0, "support": 4}, "The Times of India (TOI)": {"precision": 0.925, "recall": 0.961038961038961, "f1-score": 0.9426751592356688, "support": 77}, "The Washington Post": {"precision": 0.9536423841059603, "recall": 0.8044692737430168, "f1-score": 0.8727272727272728, "support": 179}, "accuracy": 0.848, "macro avg": {"precision": 0.7353939677957447, "recall": 0.7577078238312942, "f1-score": 0.7419889286394507, "support": 1000}, "weighted avg": {"precision": 0.8436943506935205, "recall": 0.848, "f1-score": 0.8428261962123775, "support": 1000}}, "year": {"1995": {"precision": 0.4838709677419355, "recall": 0.5, "f1-score": 0.4918032786885246, "support": 30}, "1996": {"precision": 0.7777777777777778, "recall": 0.23333333333333334, "f1-score": 0.35897435897435903, "support": 30}, "1997": {"precision": 0.22826086956521738, "recall": 0.6774193548387096, "f1-score": 0.3414634146341463, "support": 31}, "1998": {"precision": 0.25, "recall": 0.058823529411764705, "f1-score": 0.09523809523809523, "support": 34}, "1999": {"precision": 0.2727272727272727, "recall": 0.13043478260869565, "f1-score": 0.1764705882352941, "support": 23}, "2000": {"precision": 1.0, "recall": 0.1111111111111111, "f1-score": 0.19999999999999998, "support": 18}, "2001": {"precision": 0.3877551020408163, "recall": 0.40425531914893614, "f1-score": 0.39583333333333326, "support": 47}, "2002": {"precision": 0.0, "recall": 0.0, "f1-score": 0.0, "support": 22}, "2003": {"precision": 0.125, "recall": 0.09090909090909091, "f1-score": 0.10526315789473685, "support": 22}, "2004": {"precision": 0.0, "recall": 0.0, "f1-score": 0.0, "support": 18}, "2005": {"precision": 0.21875, "recall": 0.2413793103448276, "f1-score": 0.22950819672131145, "support": 29}, "2006": {"precision": 0.37735849056603776, "recall": 0.6060606060606061, "f1-score": 0.46511627906976744, "support": 33}, "2007": {"precision": 0.39215686274509803, "recall": 0.425531914893617, "f1-score": 0.4081632653061224, "support": 47}, "2008": {"precision": 0.3695652173913043, "recall": 0.3090909090909091, "f1-score": 0.33663366336633666, "support": 55}, "2009": {"precision": 0.5901639344262295, "recall": 0.6666666666666666, "f1-score": 0.6260869565217391, "support": 54}, "2010": {"precision": 0.0975609756097561, "recall": 0.09090909090909091, "f1-score": 0.09411764705882353, "support": 44}, "2011": {"precision": 0.34782608695652173, "recall": 0.17391304347826086, "f1-score": 0.23188405797101447, "support": 46}, "2012": {"precision": 0.2625, "recall": 0.4772727272727273, "f1-score": 0.3387096774193549, "support": 44}, "2013": {"precision": 0.3076923076923077, "recall": 0.36363636363636365, "f1-score": 0.33333333333333337, "support": 44}, "2014": {"precision": 0.3225806451612903, "recall": 0.2127659574468085, "f1-score": 0.2564102564102564, "support": 47}, "2015": {"precision": 0.6172839506172839, "recall": 0.6756756756756757, "f1-score": 0.6451612903225807, "support": 74}, "2016": {"precision": 0.5686274509803921, "recall": 0.5471698113207547, "f1-score": 0.5576923076923078, "support": 53}, "2017": {"precision": 0.35, "recall": 0.28378378378378377, "f1-score": 0.3134328358208955, "support": 74}, "2018": {"precision": 0.4358974358974359, "recall": 0.6296296296296297, "f1-score": 0.5151515151515151, "support": 81}, "accuracy": 0.381, "macro avg": {"precision": 0.3659731394956949, "recall": 0.32957383381547345, "f1-score": 0.313185312881827, "support": 1000}, "weighted avg": {"precision": 0.38566205288719935, "recall": 0.381, "f1-score": 0.36008731344357103, "support": 1000}}, "ncountry": {"australia": {"precision": 0.9872881355932204, "recall": 0.9831223628691983, "f1-score": 0.985200845665962, "support": 474}, "india": {"precision": 0.9111111111111111, "recall": 0.9647058823529412, "f1-score": 0.9371428571428572, "support": 85}, "south_africa": {"precision": 0.8888888888888888, "recall": 0.8888888888888888, "f1-score": 0.8888888888888888, "support": 18}, "us": {"precision": 0.9928571428571429, "recall": 0.9858156028368794, "f1-score": 0.9893238434163701, "support": 423}, "accuracy": 0.981, "macro avg": {"precision": 0.9450363196125908, "recall": 0.955633184236977, "f1-score": 0.9501391087785196, "support": 1000}, "weighted avg": {"precision": 0.9813975921442022, "recall": 0.981, "f1-score": 0.9811263294679333, "support": 1000}}, "subject": 0.2549282414458532, "geographic": 0.37214012376512373}, "test": {"ncompas": {"left": {"precision": 0.956060606060606, "recall": 0.961890243902439, "f1-score": 0.9589665653495442, "support": 656}, "right": {"precision": 0.9264705882352942, "recall": 0.9156976744186046, "f1-score": 0.9210526315789475, "support": 344}, "accuracy": 0.946, "macro avg": {"precision": 0.9412655971479501, "recall": 0.9387939591605219, "f1-score": 0.9400095984642458, "support": 1000}, "weighted avg": {"precision": 0.9458816399286988, "recall": 0.946, "f1-score": 0.9459241721324589, "support": 1000}}, "month": {"April": {"precision": 0.4, "recall": 0.14285714285714285, "f1-score": 0.21052631578947364, "support": 14}, "August": {"precision": 0.0, "recall": 0.0, "f1-score": 0.0, "support": 1}, "December": {"precision": 0.6692913385826772, "recall": 0.5902777777777778, "f1-score": 0.6273062730627307, "support": 432}, "July": {"precision": 0.6, "recall": 0.25, "f1-score": 0.35294117647058826, "support": 48}, "March": {"precision": 0.5, "recall": 0.1, "f1-score": 0.16666666666666669, "support": 10}, "November": {"precision": 0.5282051282051282, "recall": 0.7103448275862069, "f1-score": 0.6058823529411764, "support": 435}, "October": {"precision": 0.0, "recall": 0.0,