{
    "dev": {
        "subject": 0.7447789488190502
    },
    "test": {
        "subject": 0.7524475241039752
    }
}
