{
    "dev": {
        "subject": 0.753094078676928
    },
    "test": {
        "subject": 0.763129694096865
    }
}
