{
    "dev": {
        "subject": 0.6539361641241606
    },
    "test": {
        "subject": 0.6395759689363522
    }
}
