{
    "ncountry": {
        "australia": {
            "precision": 0.9811715481171548,
            "recall": 0.989451476793249,
            "f1-score": 0.9852941176470589,
            "support": 474
        },
        "india": {
            "precision": 0.9857142857142858,
            "recall": 0.9452054794520548,
            "f1-score": 0.9650349650349651,
            "support": 73
        },
        "south_africa": {
            "precision": 1.0,
            "recall": 0.6666666666666666,
            "f1-score": 0.8,
            "support": 15
        },
        "us": {
            "precision": 0.9864253393665159,
            "recall": 0.9954337899543378,
            "f1-score": 0.990909090909091,
            "support": 438
        },
        "accuracy": 0.984,
        "macro avg": {
            "precision": 0.9883277932994892,
            "recall": 0.899189353216577,
            "f1-score": 0.9353095433977787,
            "support": 1000
        },
        "weighted avg": {
            "precision": 0.9840867553072082,
            "recall": 0.984,
            "f1-score": 0.9834951460304403,
            "support": 1000
        }
    }
}
