{"dev": {"geographic": 0.8474153124653124}, "test": {"geographic": 0.8466548368298368}}