{"dev": {"newspaper": {"Mail & Guardian": {"precision": 0.4583333333333333, "recall": 0.7857142857142857, "f1-score": 0.5789473684210527, "support": 14}, "Sydney Morning Herald (Australia)": {"precision": 0.6440677966101694, "recall": 0.6846846846846847, "f1-score": 0.6637554585152838, "support": 111}, "The Age (Melbourne, Australia)": {"precision": 0.7325581395348837, "recall": 0.5727272727272728, "f1-score": 0.6428571428571429, "support": 110}, "The Australian": {"precision": 0.91796875, "recall": 0.9288537549407114, "f1-score": 0.9233791748526523, "support": 253}, "The Hindu": {"precision": 0.0, "recall": 0.0, "f1-score": 0.0, "support": 8}, "The New York Times": {"precision": 0.9754098360655737, "recall": 0.9754098360655737, "f1-score": 0.9754098360655737, "support": 244}, "The Times (South Africa)": {"precision": 0.0, "recall": 0.0, "f1-score": 0.0, "support": 4}, "The Times of India (TOI)": {"precision": 0.8152173913043478, "recall": 0.974025974025974, "f1-score": 0.8875739644970413, "support": 77}, "The Washington Post": {"precision": 0.9444444444444444, "recall": 0.9497206703910615, "f1-score": 0.947075208913649, "support": 179}, "accuracy": 0.868, "macro avg": {"precision": 0.6097777434769726, "recall": 0.6523484976166183, "f1-score": 0.6243331282358218, "support": 1000}, "weighted avg": {"precision": 0.8605629758752229, "recall": 0.868, "f1-score": 0.8619809936669133, "support": 1000}}}, "test": {"newspaper": {"Mail & Guardian": {"precision": 0.3548387096774194, "recall": 1.0, "f1-score": 0.5238095238095238, "support": 11}, "Sydney Morning Herald (Australia)": {"precision": 0.652542372881356, "recall": 0.7264150943396226, "f1-score": 0.6875, "support": 106}, "The Age (Melbourne, Australia)": {"precision": 0.7808219178082192, "recall": 0.6, "f1-score": 0.6785714285714285, "support": 95}, "The Australian": {"precision": 0.9148148148148149, "recall": 0.9047619047619048, "f1-score": 0.9097605893186005, "support": 273}, "The Hindu": {"precision": 0.0, "recall": 0.0, "f1-score": 0.0, "support": 6}, "The New York Times": {"precision": 0.9788135593220338, "recall": 0.9203187250996016, "f1-score": 0.9486652977412731, "support": 251}, "The Times (South Africa)": {"precision": 0.0, "recall": 0.0, "f1-score": 0.0, "support": 4}, "The Times of India (TOI)": {"precision": 0.8552631578947368, "recall": 0.9701492537313433, "f1-score": 0.9090909090909092, "support": 67}, "The Washington Post": {"precision": 0.9230769230769231, "recall": 0.9625668449197861, "f1-score": 0.9424083769633508, "support": 187}, "accuracy": 0.868, "macro avg": {"precision": 0.6066857172750559, "recall": 0.6760235358724732, "f1-score": 0.6222006806105651, "support": 1000}, "weighted avg": {"precision": 0.8725954635522631, "recall": 0.868, "f1-score": 0.8667202784944654, "support": 1000}}}}