{"newspaper": {"Mail & Guardian": {"precision": 0.014492753623188406, "recall": 0.09090909090909091, "f1-score": 0.025, "support": 11}, "Sydney Morning Herald (Australia)": {"precision": 0.0, "recall": 0.0, "f1-score": 0.0, "support": 106}, "The Age (Melbourne, Australia)": {"precision": 0.01809954751131222, "recall": 0.042105263157894736, "f1-score": 0.025316455696202535, "support": 95}, "The Australian": {"precision": 0.6530612244897959, "recall": 0.23443223443223443, "f1-score": 0.3450134770889488, "support": 273}, "The Hindu": {"precision": 0.0, "recall": 0.0, "f1-score": 0.0, "support": 6}, "The New York Times": {"precision": 0.8795180722891566, "recall": 0.2908366533864542, "f1-score": 0.43712574850299407, "support": 251}, "The Times (South Africa)": {"precision": 0.008849557522123894, "recall": 0.25, "f1-score": 0.017094017094017092, "support": 4}, "The Times of India (TOI)": {"precision": 0.0, "recall": 0.0, "f1-score": 0.0, "support": 67}, "The Washington Post": {"precision": 0.34806629834254144, "recall": 0.33689839572192515, "f1-score": 0.3423913043478261, "support": 187}, "accuracy": 0.206, "macro avg": {"precision": 0.21356527264201317, "recall": 0.13835351528973325, "f1-score": 0.13243788919222096, "support": 1000}, "weighted avg": {"precision": 0.46604742375386604, "recall": 0.206, "f1-score": 0.27068285539209336, "support": 1000}}}