{"dev": {"ncountry": {"australia": {"precision": 0.7162921348314607, "recall": 0.5379746835443038, "f1-score": 0.6144578313253012, "support": 474}, "india": {"precision": 0.08080808080808081, "recall": 0.09411764705882353, "f1-score": 0.08695652173913043, "support": 85}, "south_africa": {"precision": 0.017208413001912046, "recall": 0.5, "f1-score": 0.03327171903881701, "support": 18}, "us": {"precision": 0.6818181818181818, "recall": 0.03546099290780142, "f1-score": 0.06741573033707865, "support": 423}, "accuracy": 0.287, "macro avg": {"precision": 0.3740317026149088, "recall": 0.29188833087773214, "f1-score": 0.2005254506100818, "support": 1000}, "weighted avg": {"precision": 0.6351100011219246, "recall": 0.287, "f1-score": 0.32776006127130175, "support": 1000}}}, "test": {"ncountry": {"australia": {"precision": 0.7648725212464589, "recall": 0.569620253164557, "f1-score": 0.652962515114873, "support": 474}, "india": {"precision": 0.07777777777777778, "recall": 0.0958904109589041, "f1-score": 0.08588957055214724, "support": 73}, "south_africa": {"precision": 0.009208103130755065, "recall": 0.3333333333333333, "f1-score": 0.01792114695340502, "support": 15}, "us": {"precision": 0.7142857142857143, "recall": 0.0228310502283105, "f1-score": 0.04424778761061946, "support": 438}, "accuracy": 0.292, "macro avg": {"precision": 0.3915360291101765, "recall": 0.2554187619212762, "f1-score": 0.20025525505776118, "support": 1000}, "weighted avg": {"precision": 0.6812226172527035, "recall": 0.292, "f1-score": 0.33542351899250894, "support": 1000}}}}