{"dev": {"newspaper": {"0": {"precision": 0.35135135135135137, "recall": 0.9285714285714286, "f1-score": 0.5098039215686275, "support": 14}, "1": {"precision": 0.8901098901098901, "recall": 0.7297297297297297, "f1-score": 0.8019801980198019, "support": 111}, "2": {"precision": 0.9285714285714286, "recall": 0.7090909090909091, "f1-score": 0.8041237113402062, "support": 110}, "3": {"precision": 0.8494623655913979, "recall": 0.9367588932806324, "f1-score": 0.8909774436090225, "support": 253}, "4": {"precision": 1.0, "recall": 1.0, "f1-score": 1.0, "support": 8}, "5": {"precision": 0.924901185770751, "recall": 0.9590163934426229, "f1-score": 0.9416498993963782, "support": 244}, "6": {"precision": 0.0, "recall": 0.0, "f1-score": 0.0, "support": 4}, "7": {"precision": 0.9866666666666667, "recall": 0.961038961038961, "f1-score": 0.9736842105263157, "support": 77}, "8": {"precision": 0.9248554913294798, "recall": 0.8938547486033519, "f1-score": 0.9090909090909091, "support": 179}, "accuracy": 0.885, "macro avg": {"precision": 0.7617687088212184, "recall": 0.7908956737508483, "f1-score": 0.7590344770612512, "support": 1000}, "weighted avg": {"precision": 0.895976307967971, "recall": 0.885, "f1-score": 0.8854914907531795, "support": 1000}}}, "test": {"newspaper": {"0": {"precision": 0.37037037037037035, "recall": 0.9090909090909091, "f1-score": 0.5263157894736842, "support": 11}, "1": {"precision": 0.9024390243902439, "recall": 0.6981132075471698, "f1-score": 0.7872340425531914, "support": 106}, "2": {"precision": 0.9402985074626866, "recall": 0.6631578947368421, "f1-score": 0.7777777777777777, "support": 95}, "3": {"precision": 0.8095238095238095, "recall": 0.9340659340659341, "f1-score": 0.8673469387755102, "support": 273}, "4": {"precision": 1.0, "recall": 1.0, "f1-score": 1.0, "support": 6}, "5": {"precision": 0.9375, "recall": 0.9561752988047809, "f1-score": 0.9467455621301776, "support": 251}, "6": {"precision": 0.0, "recall": 0.0, "f1-score": 0.0, "support": 4}, "7": {"precision": 0.9841269841269841, "recall": 0.9253731343283582, "f1-score": 0.9538461538461538, "support": 67}, "8": {"precision": 0.9402173913043478, "recall": 0.9251336898395722, "f1-score": 0.9326145552560646, "support": 187}, "accuracy": 0.883, "macro avg": {"precision": 0.7649417874642714, "recall": 0.7790122298237295, "f1-score": 0.7546534244236176, "support": 1000}, "weighted avg": {"precision": 0.8931306289788161, "recall": 0.883, "f1-score": 0.8818506356047028, "support": 1000}}}}